f,Timothy Roberts,fi@juud.wf,IDk^pm%DBRQkGVVbv9XN, 63CGGM2, Fri Jan 27 11:51:02 CET 2023n
f,Elsie Glover,iwaik@heibi.sm,GJXYVKpi93Q4#Zu0EXz0, 63CGGM2, Fri Jan 27 11:51:02 CET 2023n
f,Stella Bush,ne@ri.sn,7W#e[jf$3i5&BcxVl]1c, 63CGGM2, Fri Jan 27 11:59:05 CET 2023n
n,Stella Bush,ne@ri.sn,7W#e[jf$3i5&BcxVl]1c, 63CGGM2, Fri Jan 27 11:59:05 CET 2023n
f,Katharine Horton,aje@onbi.ch,aSE@gJXYCBd9Otu&Et[G, 63CGGM2, Fri Jan 27 11:51:02 CET 2023n
n,Theresa Tate,ufeeta@lonolmi.mr,cm1BY)muZwzCp2)zlEHj, 63CGGM2, Fri Jan 27 11:59:05 CET 2023n
n,Katharine Horton,aje@onbi.ch,aSE@gJXYCBd9Otu&Et[G, 63CGGM2, Fri Jan 27 11:51:02 CET 2023n
f,Gavin Kennedy,usvo@deucro.pf,1v%za)RevM8EIs&EfG5g, 63CGGM2, Fri Jan 27 11:59:05 CET 2023n
n,Cornelia Benson,zet@reseb.az,2MaqCGii)$7R&xr[jKwu, 63CGGM2, Fri Jan 27 11:51:02 CET 2023n
n,Betty Adkins,lupotub@ko.eh,gGFr#z2vgU0fQFG*pUD7, 63CGGM2, Fri Jan 27 11:51:02 CET 2023n
n,Gavin Kennedy,usvo@deucro.pf,1v%za)RevM8EIs&EfG5g, 63CGGM2, Fri Jan 27 11:59:05 CET 2023n
n,Todd Lambert,ance@eknogme.tk,KS[)4s]Rbp#rpV0eAgD1, 63CGGM2, Fri Jan 27 11:59:05 CET 2023n
n,Mabelle Cobb,lacfo@zusteit.by,p2v*33%^g!%GgcHGORiX, 63CGGM2, Fri Jan 27 11:59:05 CET 2023n
n,Charles Norman,de@hiw.ml,xo(Xb*x@6xUrh#vKL)hQ, 63CGGM2, Fri Jan 27 11:59:05 CET 2023n
n,Alan Owens,bon@let.ga,N$LP[0rmoZ%Rop!bTbt9, 63CGGM2, Fri Jan 27 11:59:05 CET 2023n
n,Ida Fletcher,te@rackig.nf,!RLLGzfzAYjTN]%!wI4!, 63CGGM2, Fri Jan 27 11:59:05 CET 2023n
f,James Manning,vehsov@tutizogo.pn,uBTHfUQLJ!wIO7Dq1E(0, 63CGGM2, Fri Jan 27 11:59:05 CET 2023n
n,Lucy Brady,novatooh@pijlo.jm,vs!OSl9Bh1ffuK54[fVe, 63CGGM2, Fri Jan 27 11:59:05 CET 2023n
n,Johnny Drake,satnapki@rikuti.kw,jvzRO4nI)3PL(dfs[vSJ, 63CGGM2, Fri Jan 27 11:59:05 CET 2023n
n,Florence Parker,bogeb@behevzoz.io,e^2ake!PKziY5kdiucTs, 63CGGM2, Fri Jan 27 11:59:05 CET 2023n
f,Gabriel Diaz,be@nomat.ro,je(R&NVyIxETmZF[dMnq, 63CGGM2, Fri Jan 27 11:59:05 CET 2023n
n,Sophia Garcia,akge@baicefes.my,oQOo)h6TEiMbE%55gQq7, 63CGGM2, Fri Jan 27 11:59:05 CET 2023n
f,Kenneth Parsons,faptuh@muha.bq,**!)8bxWCYYKJFd4v6fn, 63CGGM2, Fri Jan 27 11:59:05 CET 2023n
n,Leah Moody,di@sazeopo.bs,I&hn(8p##zLD9thwfi9Y, 63CGGM2, Fri Jan 27 11:59:05 CET 2023n
n,Juan Stevenson,woza@sacke.fi,LaI(qqnT7YjrQ5BpAs&E, 63CGGM2, Fri Jan 27 11:59:05 CET 2023n
t,Adelaide Gill,uja@gij.ck,QDs9p5Ny6pGY1(q6i(%e, 63CGGM2, Fri Jan 27 11:59:05 CET 2023n
n,Danny Anderson,iznaluc@ete.nf,*cRVE#(SWrn&q5EKe1Yl, 63CGGM2, Fri Jan 27 11:59:05 CET 2023n
n,Alexander Fields,jeczunol@wupsevtur.al,o3DnO8*c3#d03GL84rdm, 63CGGM2, Fri Jan 27 11:59:05 CET 2023n
n,Francis Adkins,go@locore.al,acekHpqczko^&U%h4X3$, 63CGGM2, Fri Jan 27 11:59:05 CET 2023n
n,Kenneth Parsons,faptuh@muha.bq,**!)8bxWCYYKJFd4v6fn, 63CGGM2, Fri Jan 27 11:59:05 CET 2023n
n,Manuel Webster,wah@mu.com,2)T@L1c06slG7c%X#cgS, 63CGGM2, Fri Jan 27 11:59:05 CET 2023n
n,Jonathan Smith,kez@ohu.hn,ZK$k%kETK*g@p2VRb#uK, 63CGGM2, Fri Jan 27 11:59:05 CET 2023n
t,Bertie Lopez,op@wabavlug.si,OHmb4Je$#k9AxtiTF[@4, 63CGGM2, Fri Jan 27 11:59:05 CET 2023n
f,Bertie Lopez,op@wabavlug.si,OHmb4Je$#k9AxtiTF[@4, 63CGGM2, Fri Jan 27 11:59:05 CET 2023n
n,Lelia Henry,vebcew@koleno.rs,LOiJzbyV9s9G^ma[C@s!, 63CGGM2, Fri Jan 27 11:59:05 CET 2023n
n,Adelaide Gill,uja@gij.ck,QDs9p5Ny6pGY1(q6i(%e, 63CGGM2, Fri Jan 27 11:59:05 CET 2023n
n,Harriet Franklin,ro@bolcohpoh.kn,PQ$zj%k#2y4&8!%cjHd#, 63CGGM2, Fri Jan 27 11:59:05 CET 2023n
n,Dale McDaniel,irapupu@homrurruw.bi,D5D43hLI6q1dP8wd4j!d, 63CGGM2, Fri Jan 27 11:59:05 CET 2023n
n,Rebecca James,nebifo@hapdo.it,5!7bUrf4)o%#kVGKTWQ5, 63CGGM2, Fri Jan 27 11:59:05 CET 2023n
n,Barry Garza,naol@totu.gr,rFKA#8v37Qj8@4Ejk@9!, 63CGGM2, Fri Jan 27 11:59:05 CET 2023n
n,Bertie Lopez,op@wabavlug.si,OHmb4Je$#k9AxtiTF[@4, 63CGGM2, Fri Jan 27 11:59:05 CET 2023n
n,Mabelle Pena,begkudpoc@taz.cz,)HxZvia9K9&2%qu8*olf, 63CGGM2, Fri Jan 27 11:59:05 CET 2023n
n,Cornelia Rios,uhgi@zitfu.com,I9wYC&aR3jQ8vYnw5NFW, 63CGGM2, Fri Jan 27 11:59:05 CET 2023n
n,Margaret Wade,tuoni@ren.pm,10l9dKSY&]]KASb2eYBa, 63CGGM2, Fri Jan 27 11:59:05 CET 2023n
f,Eddie Graham,gusnodab@mo.pk,hTJK^uuWNw5EQQCiHev$, 63CGGM2, Fri Jan 27 11:59:05 CET 2023n
n,Linnie Shelton,kem@ranomkob.ca,JURcFGgPr^EZmVZVDnaj, 63CGGM2, Fri Jan 27 11:59:05 CET 2023n
n,Belle Russell,pa@eji.py,9v$7R4G1cmGsbZDZZp&I, 63CGGM2, Fri Jan 27 11:59:05 CET 2023n
n,Chase Castillo,piwo@panaleb.ws,Lz&)V4PgEMyp*^tl(#G%, 63CGGM2, Fri Jan 27 11:59:05 CET 2023n
n,Catherine Williamson,di@befec.mq,QCWCO[Ufn0JBdpcYwRLi, 63CGGM2, Fri Jan 27 11:59:05 CET 2023n
n,Inez Hernandez,feldulwuf@doakbah.jp,RjL*qsJNi3hUcExf31Ho, 63CGGM2, Fri Jan 27 11:59:05 CET 2023n
n,Jeremiah Garza,newfueg@en.py,7P@jdN$q8lopVCx3Efmn, 63CGGM2, Fri Jan 27 11:59:05 CET 2023n
f,Victoria Wise,lec@jif.am,F^zrMTsA#I4tkK)f*VIT, 63CGGM2, Fri Jan 27 11:59:05 CET 2023n
n,Calvin Mathis,weadasu@kow.ae,NPaj6$*$[J#4kIIFmpLu, 63CGGM2, Fri Jan 27 11:59:05 CET 2023n
f,Kyle McCoy,fiit@bon.ag,5hg%xT57sVBuQ4r1P$*7, 63CGGM2, Fri Jan 27 11:59:05 CET 2023n
t,Louise Conner,funani@jotto.ie,FrnXuADW&KtWMpx^6*Yv, 63CGGM2, Fri Jan 27 11:59:05 CET 2023n
t,Louisa Anderson,fiik@uj.it,I$g%fVdBvfr$[#A#UCQF, 63CGGM2, Fri Jan 27 11:59:05 CET 2023n
t,Bernard Valdez,uzurifal@sazu.ma,]zWGNMcsif(rfB5B2YlB, 63CGGM2, Fri Jan 27 11:59:05 CET 2023n
t,Owen Gonzales,ja@sake.tc,DifhwfhVw*P6]VyX3Zjz, 63CGGM2, Fri Jan 27 11:59:05 CET 2023n
t,Iva Hardy,kifna@zu.kn,j9Mi#9n5hgoSfEkbGpr4, 63CGGM2, Fri Jan 27 11:59:05 CET 2023n
f,Zachary Garza,kokwo@fauwve.io,JNt^tEmJ@b7kVyuk%b0e, 63CGGM2, Fri Jan 27 11:59:05 CET 2023n
f,Blanche Garrett,agaha@fosupean.ck,ocm%bTEzj59(s42T*OND, 63CGGM2, Fri Jan 27 11:59:05 CET 2023n
t,Jeremy Dennis,uda@ohabe.org,]ZLJ1Vxig(z6PfP(nXGl, 63CGGM2, Fri Jan 27 11:59:05 CET 2023n
t,Trevor Mann,ubu@balvo.gl,qtYMiPI]eXGFI2E&&oU8, 63CGGM2, Fri Jan 27 11:59:05 CET 2023n
t,Angel Ward,bi@fu.vu,93IKg@OZ!fawxW)KhFSj, 63CGGM2, Fri Jan 27 11:59:05 CET 2023n
f,Sara Garner,jiberor@lirimil.ss,qDu77g66WbdCKXAeW0v7v, 63CGGM2, Fri Jan 27 11:59:05 CET 2023n
t,Vernon Wallace,affegvef@had.al,L6rGML62Tup]&ST]M2TN, 63CGGM2, Fri Jan 27 11:59:05 CET 2023n
t,Floyd Pittman,nofmuc@otefan.in,JOtgH34&KXVjl1%lV86sv, 63CGGM2, Fri Jan 27 11:59:05 CET 2023n
t,Bernice Moran,mugoc@zunmab.pw,@hJcHo5*RI58NdAb*&Cq, 63CGGM2, Fri Jan 27 11:59:05 CET 2023n
t,Sue Mack,de@vi.hm,rH[7A*u[F$Cyx&dyfd(g, 63CGGM2, Fri Jan 27 11:59:05 CET 2023n
t,Jeremy Ryan,bihsuul@uvbaha.ky,40rDH]POQ[7%Hv44*f(i, 63CGGM2, Fri Jan 27 11:59:05 CET 2023n
n,Rosalie Nguyen,wapip@fehni.cg,D*rmf8U^xOuq@JKQn$3f, 63CGGM2, Fri Jan 27 11:59:05 CET 2023n
n,Glen Little,kaufa@ic.jo,U%xBQd1Tav#XMGGIK[Ou, 63CGGM2, Fri Jan 27 11:59:05 CET 2023n
f,Victoria Weber,towdej@me.mx,75mF!^H%cpyJ3hYeQJ*gv, 63CGGM2, Fri Jan 27 11:59:05 CET 2023n
n,Eddie Graham,gusnodab@mo.pk,hTJK^uuWNw5EQQCiHev$, 63CGGM2, Fri Jan 27 11:59:05 CET 2023n
t,Lena Stone,vazbow@cezbosak.tn,@IicwwJW7GtZh71Nt9x&, 63CGGM2, Fri Jan 27 11:59:05 CET 2023n
n,Eddie Becker,kimifcid@fe.in,TX6r1B]lxGuTEXks93BK, 63CGGM2, Fri Jan 27 11:59:05 CET 2023n
t,Isaac Rodriquez,heab@pa.sm,r#uz4!wiHhMB*2TogmPY, 63CGGM2, Fri Jan 27 11:59:05 CET 2023n
n,Alfred Garner,ozvien@zi.bo,SPr[JemgRKjHD3U6BiJS, 63CGGM2, Fri Jan 27 11:59:05 CET 2023n
n,Hunter Blair,ezu@ceuz.tz,@X4g!u*[Q$YrurSO6L^4, 63CGGM2, Fri Jan 27 11:59:05 CET 2023n
n,Kyle McCoy,fiit@bon.ag,5hg%xT57sVBuQ4r1P$*7, 63CGGM2, Fri Jan 27 11:59:05 CET 2023n
n,Victoria Wise,lec@jif.am,F^zrMTsA#I4tkK)f*VIT, 63CGGM2, Fri Jan 27 11:59:05 CET 2023n
n,Louise Conner,funani@jotto.ie,FrnXuADW&KtWMpx^6*Yv, 63CGGM2, Fri Jan 27 11:59:05 CET 2023n
n,Cecilia Figueroa,ab@afmauho.at,I#T9SU4JKHOC5KyEVN(M, 63CGGM2, Fri Jan 27 11:59:05 CET 2023n
n,Josephine Kennedy,giwom@canmivvid.bi,R2xFhJsJEf[&EEfC9dq(, 63CGGM2, Fri Jan 27 11:59:05 CET 2023n
n,Bernard Valdez,uzurifal@sazu.ma,]zWGNMcsif(rfB5B2YlB, 63CGGM2, Fri Jan 27 11:59:05 CET 2023n
n,Owen Gonzales,ja@sake.tc,DifhwfhVw*P6]VyX3Zjz, 63CGGM2, Fri Jan 27 11:59:05 CET 2023n
n,Zachary Garza,kokwo@fauwve.io,JNt^tEmJ@b7kVyuk%b0e, 63CGGM2, Fri Jan 27 11:59:05 CET 2023n
n,Blanche Garrett,agaha@fosupean.ck,ocm%bTEzj59(s42T*OND, 63CGGM2, Fri Jan 27 11:59:05 CET 2023n
n,Lucille Hardy,robana@wenewbab.hk,nj)oQ3MtbZCJ(xvE!Vro, 63CGGM2, Fri Jan 27 11:59:05 CET 2023n
K,William Goodman,zega@eko.ag,VVEPQ7)QI0B1tL8z0jun, 63CGGM2, Fri Jan 27 11:59:05 CET 2023n
j,Alejandro Bennett,fezom@rowtuul.de,RrKUpa[)AskflovvivEr, 63CGGM2, Fri Jan 27 11:59:05 CET 2023n
T,Beatrice Ray,hah@mewav.ru,jG4JgFFidpxHjJ*8M]GJ, 63CGGM2, Fri Jan 27 11:59:05 CET 2023n
d,Sean Norton,um@ru.cf,c51bTftD(rNgA92JdCYk, 63CGGM2, Fri Jan 27 11:59:05 CET 2023n
%,Dominic Sharp,juwzoiru@bo.gh,&2zGbA&uBvWU[Kle3qXt, 63CGGM2, Fri Jan 27 11:59:05 CET 2023n
e,Juan Simpson,tu@hebdu.ax,BQs2!]mHyRzvk%&1pwG#v, 63CGGM2, Fri Jan 27 11:59:05 CET 2023n
u,Dollie Reyes,ne@omo.pf,3zHGdqcISpF*pOjFm!sOv, 63CGGM2, Fri Jan 27 11:59:05 CET 2023n
u,Ronnie Roberson,lecwih@muuw.pr,N3oep0r3G81kOk&G%*Q@v, 63CGGM2, Fri Jan 27 11:59:05 CET 2023n
D,Aaron Stevens,anwulupi@iseahbo.ye,pXIWnZcjr2[jSnn!FZEzv, 63CGGM2, Fri Jan 27 11:59:05 CET 2023n
C,Tillie Chambers,ituhuje@sijkofu.ie,#8mlbnV$[D3L[bxlqs^*v, 63CGGM2, Fri Jan 27 11:59:05 CET 2023n
C,Ora Ortega,cusafafi@hewmoap.fk,a9YTa25)NW&V@#*57$7Yv, 63CGGM2, Fri Jan 27 11:59:05 CET 2023n
n,Trevor Atkins,weffafew@nonahbid.sm,4OGn^72gVOhA#2aSfljpv, 63CGGM2, Fri Jan 27 11:59:05 CET 2023n
n,Katharine Horton,fo@jaudaco.sd,@TToCso!aua)Z)f!6uL$v, 63CGGM2, Fri Jan 27 11:59:05 CET 2023n
f,Bertha Nichols,wuktan@lo.tl,WApnZ]uEmokBF^Tw]&Y8, 63CGGM2, Fri Jan 27 11:59:05 CET 2023n
n,Sara Garner,jiberor@lirimil.ss,qDu77g66WbdCKXAeW0v7v, 63CGGM2, Fri Jan 27 11:59:05 CET 2023n
n,Floyd Pittman,nofmuc@otefan.in,JOtgH34&KXVjl1%lV86sv, 63CGGM2, Fri Jan 27 11:59:05 CET 2023n
n,Abbie Keller,iriso@coz.in,ogksQCTQev]&PqrNr4S)v, 63CGGM2, Fri Jan 27 11:59:05 CET 2023n
n,Victoria Weber,towdej@me.mx,75mF!^H%cpyJ3hYeQJ*gv, 63CGGM2, Fri Jan 27 11:59:05 CET 2023n
f,Mabelle Hogan,wuncef@imohifol.kp,hSywO)e@Xm^@EFgKr!qn, 63CGGM2, Fri Jan 27 11:59:05 CET 2023n
n,Nathan Wilkins,iju@leopa.at,A*ai%zZu9aedehd7z36dv, 63CGGM2, Fri Jan 27 11:59:05 CET 2023n
t,Willie Cortez,fejviwhi@ve.mg,eDyrf#NEaJwM@R!I6iV), 63CGGM2, Fri Jan 27 11:59:05 CET 2023n
n,Lenora Newton,vuer@rok.kp,pql(&yvIsi%db%zTZZ4kv, 63CGGM2, Fri Jan 27 11:59:05 CET 2023n
t,Johan Kriebil,email@ggcom.com,C:\Program Files (x86)\Autodesk\AutoCAD 2022\Aec32BitAppServer57.exen, 63CGGM2, Fri Jan 27 11:59:05 CET 2023n
f,Johan Kriebil,email@ggcom.com,C:\Program Files (x86)\Autodesk\AutoCAD 2022\Aec32BitAppServer57.exen, 63CGGM2, Fri Jan 27 11:59:05 CET 2023n
n,Sally Watts,moh@in.ci,a6BBiH*L88r)%s3ikktE, 63CGGM2, Fri Jan 27 11:59:05 CET 2023n
n,Lena Stone,vazbow@cezbosak.tn,@IicwwJW7GtZh71Nt9x&, 63CGGM2, Fri Jan 27 11:59:05 CET 2023n
n,Tyler Pearson,kiijhup@cumepo.tm,M*nRIzlD(QGxtA6C)rlG, 63CGGM2, Fri Jan 27 11:59:05 CET 2023n
n,Marian Terry,peunez@guvtuv.td,6r%SiOuRh9@mZC^y)lsF, 63CGGM2, Fri Jan 27 11:59:05 CET 2023n
n,Abbie Johnston,vewurap@li.om,ig)I]2kEM49O$4N4z$6z, 63CGGM2, Fri Jan 27 11:59:05 CET 2023n
t,Irene Meier , Visacool@gmx.de, C:\Program Files (x86)\Windows Media Player\wmprph.exe, 63CGGM2, Fri Jan 27 11:51:02 CET 2023n
n,Georgie Phelps,poocinu@be.my,^Yck%7^bSSBxb8nEXlF8, 63CGGM2, Fri Jan 27 11:59:05 CET 2023n
n,Lillie Andrews,peh@bejap.uy,LS]86^@RWyqxJ1FDj%f@, 63CGGM2, Fri Jan 27 11:59:05 CET 2023n
n,Sarah Chandler,jessejre@juwu.in,HrWiIF)4)dFReo8jD7Gl, 63CGGM2, Fri Jan 27 11:59:05 CET 2023n
n,Jordan Dixon,pic@awefezer.il,5ydihs!AP2tNoH7LWXt^, 63CGGM2, Fri Jan 27 11:59:05 CET 2023n
n,Wayne Herrera,wucwu@lofupe.cz,Bh9O#&uiwv5YmNCkk[Vi, 63CGGM2, Fri Jan 27 11:59:05 CET 2023n
n,Tyler Hodges,penvab@dabes.kz,!JUIu!xm^)YMcFW&esY6, 63CGGM2, Fri Jan 27 11:59:05 CET 2023n
n,Clyde Peterson,bi@patu.gp,PetLO$(%NsTsXZbUO0mM, 63CGGM2, Fri Jan 27 11:59:05 CET 2023n
n,Eunice Tran,hi@vasfuham.gf,&KUjdsyr#h*)@i^Ah8rP, 63CGGM2, Fri Jan 27 11:59:05 CET 2023n
n,Marvin McDonald,bu@hasuta.va,xc*nCfaf!WU@sWSri1TL, 63CGGM2, Fri Jan 27 11:59:05 CET 2023n
n,Hattie Fernandez,hi@owezire.ug,bI%GG0gAhc1ElyDD[1v@, 63CGGM2, Fri Jan 27 11:59:05 CET 2023n
n,Bobby Burke,cisfa@cone.ee,y1H@L3a%pkC4lYjpx!Na, 63CGGM2, Fri Jan 27 11:59:05 CET 2023n
n,Josephine Harper,hanvu@seic.ly,2ZbJIch%GLK*umP6EePf, 63CGGM2, Fri Jan 27 11:59:05 CET 2023n
n,Christina Saunders,wazmodila@elfazo.eu,HGqAXuy2DPoY$&Ar2nk!, 63CGGM2, Fri Jan 27 11:59:05 CET 2023n
n,Callie Scott,jugco@ligi.fo,Y3Nt]wlCouFRdzBjMmvF, 63CGGM2, Fri Jan 27 11:59:05 CET 2023n
n,Ethan Castillo,ejmoawu@nahokzi.lc,n4Z5GH[#G]*RmOgBKdkE, 63CGGM2, Fri Jan 27 11:59:05 CET 2023n
n,Gertrude Hayes,iridefesi@bed.kw,E(D9HxmERcA[*sOZCDiU, 63CGGM2, Fri Jan 27 11:59:05 CET 2023n
n,Melvin Burton,uwe@wedpudew.edu,tUxRfQmnjHAU8y]FWpS0, 63CGGM2, Fri Jan 27 11:59:05 CET 2023n
n,Maurice Bailey,hazbimbe@gofadwiv.be,ukB$!TJo3P9ZH296sPo*, 63CGGM2, Fri Jan 27 11:59:05 CET 2023n
n,Caroline Waters,lut@bawa.sa,Y($8V*4&!(jZKFHUJJoU, 63CGGM2, Fri Jan 27 11:59:05 CET 2023n
a,Hallie Moore,otaco@nifmaj.co,!T]TGyM^hM4nrKHAGnYA, 63CGGM2, Fri Jan 27 11:59:05 CET 2023n
f,Michael Campbell,amce@mil.bf,dTsq$oIMIsFG5I)7%t2e, 63CGGM2, Fri Jan 27 11:59:05 CET 2023n
n,Edwin Clark,ogjagik@ragus.edu,ucr(5Q!tL3IAhwox7LIE, 63CGGM2, Fri Jan 27 11:59:05 CET 2023n
N,Ellen Black,keube@cu.gd,r5hjtfVJHsXkv!!3%*9l, 63CGGM2, Fri Jan 27 11:59:05 CET 2023n
f,Bettie Jennings,dolupic@cisohju.au,Z8MwVbiG[FDGygV@W2v0, 63CGGM2, Fri Jan 27 11:59:05 CET 2023n
n,Shane Hicks,ligbata@dedumgo.tl,MMk3C6Kb8URQ2o#sGHva, 63CGGM2, Fri Jan 27 11:59:05 CET 2023n
n,Alice Davis,wucco@pijebac.bf,q*A9mn&z#[lTJBbiUUIR, 63CGGM2, Fri Jan 27 11:59:05 CET 2023n
n,Mabelle Hogan,wuncef@imohifol.kp,hSywO)e@Xm^@EFgKr!qn, 63CGGM2, Fri Jan 27 11:59:05 CET 2023n
n,Theodore Riley,iphocale@simpen.vg,9)3bp%TbGJ7(RzgRQof9, 63CGGM2, Fri Jan 27 11:59:05 CET 2023n
n,Fanny Wilkerson,lucfulej@keor.ua,SaJw2OL(ZmfHnOdV$KHP, 63CGGM2, Fri Jan 27 11:59:05 CET 2023n
n,Martin Saunders,palfo@jomsetcez.th,n1IW[d3d@CGk**4p!*rQ, 63CGGM2, Fri Jan 27 11:59:05 CET 2023n
n,Landon Kim,emde@fasi.vg,Qi]KQ7VpCw51fRANh)Hs, 63CGGM2, Fri Jan 27 11:59:05 CET 2023n
n,Mary Ramos,kub@kotara.net,VJO1rB%c0qHReIGo(6$c, 63CGGM2, Fri Jan 27 11:59:05 CET 2023n
n,Bertha Nichols,wuktan@lo.tl,WApnZ]uEmokBF^Tw]&Y8, 63CGGM2, Fri Jan 27 11:59:05 CET 2023n
n,Olivia Beck,cikacotac@to.km,@mh1*0eIcDSqjciHJdg@, 63CGGM2, Fri Jan 27 11:59:05 CET 2023n
n,Cornelia Davidson,ju@pe.tg,hQH5)Owg2rQX[hEcrjqf, 63CGGM2, Fri Jan 27 11:59:05 CET 2023n
n,Clarence Simon,rezikok@pihud.cg,UCj]A[ylfd[2MX@QIu&o, 63CGGM2, Fri Jan 27 11:59:05 CET 2023n
n,Estelle Morgan,riwlifker@sihticne.eu,HosubNDrJWGhj]poeU2M, 63CGGM2, Fri Jan 27 11:59:05 CET 2023n
n,Jeffrey Garrett,sovti@fa.bw,e(iGfoJy99WS7owXiifK, 63CGGM2, Fri Jan 27 11:59:05 CET 2023n
n,Belle Perkins,cama@fecij.vc,N#DYxL07Km4@r$&z88CX, 63CGGM2, Fri Jan 27 11:59:05 CET 2023n
n,Willie Cortez,fejviwhi@ve.mg,eDyrf#NEaJwM@R!I6iV), 63CGGM2, Fri Jan 27 11:59:05 CET 2023n
n,Albert Wagner,gim@bot.tn,Y2$0kNMl3T^$LmjoA1Zh, 63CGGM2, Fri Jan 27 11:59:05 CET 2023n
n,Heinrich Helsen,Helsonsen@helsen.de,Installation Revit version 19.21, 63CGGM2, Fri Jan 27 11:59:05 CET 2023n
n,Johan Kriebil,email@ggcom.com,C:\Program Files (x86)\Autodesk\AutoCAD 2022\Aec32BitAppServer57.exen, 63CGGM2, Fri Jan 27 11:59:05 CET 2023n
n,Ema Paulo,Paulos@Esa.io,C:\Users\j.nievelstein\Documents\Default.rdpn, 63CGGM2, Fri Jan 27 11:59:05 CET 2023n
n,Gustav Klepner,djadja@fsjfj.de,C:\Program Files (x86)\Autodesk\AutoCAD 2022\Aec32BitAppServer57.exe, 63CGGM2, Fri Jan 27 11:59:05 CET 2023n
n,Irene Meier , Visacool@gmx.de, C:\Program Files (x86)\Windows Media Player\wmprph.exe, 63CGGM2, Fri Jan 27 11:51:02 CET 2023n
n,Eric Mesfun, Zuba@ferix.io, C:\Program Files (x86)\Kofax\Power PDF 31\IsisClientU.exe, 63CGGM2, Fri Jan 27 11:59:05 CET 2023n
n,Alena Mesfan, Ubunto@xerc.ai, C:\Program Files (x86)\Frilo\Frilo.Software\FriloFSNCheckAdmin.exe, 63CGGM2, Fri Jan 27 12:02:19 CET 2023
t,Ema Paulo,Paulos@Esa.io,C:\Users\j.nievelstein\Documents\Default.rdpn, 63CGGM2, Fri Jan 27 11:59:05 CET 2023n
f,Irene Meier , Visacool@gmx.de, C:\Program Files (x86)\Windows Media Player\wmprph.exe, 63CGGM2, Fri Jan 27 11:51:02 CET 2023n
t,Alena Mesfan, Ubunto@xerc.ai, C:\Program Files (x86)\Frilo\Frilo.Software\FriloFSNCheckAdmin.exe, 63CGGM2, Fri Jan 27 12:02:19 CET 2023n
t,Timothy Roberts,fi@juud.wf,IDk^pm%DBRQkGVVbv9XN, 63CGGM2, Fri Jan 27 11:51:02 CET 2023n
t,Gussie Farmer,owaso@fejig.py,qYwjr#VymywYqeWvCuig, 63CGGM2, Fri Jan 27 11:51:02 CET 2023n
t,Elsie Glover,iwaik@heibi.sm,GJXYVKpi93Q4#Zu0EXz0, 63CGGM2, Fri Jan 27 11:51:02 CET 2023n
t,Juan Santiago,fabow@wuldepot.pr,WHgmBxkpg2#zPnPUXYgi, 63CGGM2, Fri Jan 27 11:59:05 CET 2023n
t,Johnny Drake,satnapki@rikuti.kw,jvzRO4nI)3PL(dfs[vSJ, 63CGGM2, Fri Jan 27 11:59:05 CET 2023n
t,Andre Owens,lafzuvba@lun.gh,$bfzO3aMPk*Azz#K$Jk*, 63CGGM2, Fri Jan 27 11:59:05 CET 2023n
t,Manuel Webster,wah@mu.com,2)T@L1c06slG7c%X#cgS, 63CGGM2, Fri Jan 27 11:59:05 CET 2023n
t,Olivia Beck,cikacotac@to.km,@mh1*0eIcDSqjciHJdg@, 63CGGM2, Fri Jan 27 11:59:05 CET 2023n
