char,name,email,path,host,date
n,Lucinda Jimenez,ew@geta.mu,xLKoli$okIg0LNF#TXpr, 63CGGM2, Fri Jan 27 11:59:05 CET 2023n
n,Timothy Roberts,fi@juud.wf,IDk^pm%DBRQkGVVbv9XN, 63CGGM2, Fri Jan 27 11:51:02 CET 2023n
n,Antonio Carr,ves@za.be,$2VQTc0OpupxgR1)6hYr, 63CGGM2, Fri Jan 27 11:59:05 CET 2023n
n,Gussie Farmer,owaso@fejig.py,qYwjr#VymywYqeWvCuig, 63CGGM2, Fri Jan 27 11:51:02 CET 2023n
n,Ellen Hamilton,sut@hidul.tf,x*3qV6aGjeh^XG#AjAaD, 63CGGM2, Fri Jan 27 11:59:05 CET 2023n
n,Emilie May,fi@cusbob.bt,HCw@qM*qE#WA8uaP6J0A, 63CGGM2, Fri Jan 27 11:51:02 CET 2023n
n,Juan Santiago,fabow@wuldepot.pr,WHgmBxkpg2#zPnPUXYgi, 63CGGM2, Fri Jan 27 11:59:05 CET 2023n
n,Elsie Glover,iwaik@heibi.sm,GJXYVKpi93Q4#Zu0EXz0, 63CGGM2, Fri Jan 27 11:51:02 CET 2023n
n,Stella Bush,ne@ri.sn,7W#e[jf$3i5&BcxVl]1c, 63CGGM2, Fri Jan 27 11:59:05 CET 2023n
n,Brett Smith,doajuviv@helfib.ge,Iz$v26nzDg#QP55hQVY6, 63CGGM2, Fri Jan 27 11:51:02 CET 2023n
n,Theresa Tate,ufeeta@lonolmi.mr,cm1BY)muZwzCp2)zlEHj, 63CGGM2, Fri Jan 27 11:59:05 CET 2023n
n,Katharine Horton,aje@onbi.ch,aSE@gJXYCBd9Otu&Et[G, 63CGGM2, Fri Jan 27 11:51:02 CET 2023n
n,Mattie Young,pafiz@nep.mc,dngaKQp)q@d7FR$oNmL@, 63CGGM2, Fri Jan 27 11:59:05 CET 2023n
n,Cornelia Benson,zet@reseb.az,2MaqCGii)$7R&xr[jKwu, 63CGGM2, Fri Jan 27 11:51:02 CET 2023n
n,Betty Adkins,lupotub@ko.eh,gGFr#z2vgU0fQFG*pUD7, 63CGGM2, Fri Jan 27 11:51:02 CET 2023n
n,Gavin Kennedy,usvo@deucro.pf,1v%za)RevM8EIs&EfG5g, 63CGGM2, Fri Jan 27 11:59:05 CET 2023n
n,Todd Lambert,ance@eknogme.tk,KS[)4s]Rbp#rpV0eAgD1, 63CGGM2, Fri Jan 27 11:59:05 CET 2023n
n,Mabelle Cobb,lacfo@zusteit.by,p2v*33%^g!%GgcHGORiX, 63CGGM2, Fri Jan 27 11:59:05 CET 2023n
n,Charles Norman,de@hiw.ml,xo(Xb*x@6xUrh#vKL)hQ, 63CGGM2, Fri Jan 27 11:59:05 CET 2023n
n,Milton Porter,pen@napujug.gw,[ZMUSX4QCNP[$[oP(](c, 63CGGM2, Fri Jan 27 11:59:05 CET 2023n
n,Alan Owens,bon@let.ga,N$LP[0rmoZ%Rop!bTbt9, 63CGGM2, Fri Jan 27 11:59:05 CET 2023n
n,Ida Fletcher,te@rackig.nf,!RLLGzfzAYjTN]%!wI4!, 63CGGM2, Fri Jan 27 11:59:05 CET 2023n
n,Ola Martin,robef@jevocce.no,qDxP)[vwjOe2mGI&7Uum, 63CGGM2, Fri Jan 27 11:59:05 CET 2023n
n,Lucy Brady,novatooh@pijlo.jm,vs!OSl9Bh1ffuK54[fVe, 63CGGM2, Fri Jan 27 11:59:05 CET 2023n
n,Johnny Drake,satnapki@rikuti.kw,jvzRO4nI)3PL(dfs[vSJ, 63CGGM2, Fri Jan 27 11:59:05 CET 2023n
n,Florence Parker,bogeb@behevzoz.io,e^2ake!PKziY5kdiucTs, 63CGGM2, Fri Jan 27 11:59:05 CET 2023n
n,Ian Rogers,bew@co.va,uNM2HnRC7luVM9Km@Df8, 63CGGM2, Fri Jan 27 11:59:05 CET 2023n
n,James Manning,vehsov@tutizogo.pn,uBTHfUQLJ!wIO7Dq1E(0, 63CGGM2, Fri Jan 27 11:59:05 CET 2023n
n,Mittie Gross,wigav@ho.ag,#%VbPCSqL9Zdm6[bCshR, 63CGGM2, Fri Jan 27 11:59:05 CET 2023n
n,Sophia Garcia,akge@baicefes.my,oQOo)h6TEiMbE%55gQq7, 63CGGM2, Fri Jan 27 11:59:05 CET 2023n
n,Jeffrey Edwards,le@uregu.cn,s%UF*IdUEME@T^!84H5o, 63CGGM2, Fri Jan 27 11:59:05 CET 2023n
n,Leah Moody,di@sazeopo.bs,I&hn(8p##zLD9thwfi9Y, 63CGGM2, Fri Jan 27 11:59:05 CET 2023n
n,Juan Stevenson,woza@sacke.fi,LaI(qqnT7YjrQ5BpAs&E, 63CGGM2, Fri Jan 27 11:59:05 CET 2023n
n,Andre Owens,lafzuvba@lun.gh,$bfzO3aMPk*Azz#K$Jk*, 63CGGM2, Fri Jan 27 11:59:05 CET 2023n
n,Gabriel Diaz,be@nomat.ro,je(R&NVyIxETmZF[dMnq, 63CGGM2, Fri Jan 27 11:59:05 CET 2023n
n,Danny Anderson,iznaluc@ete.nf,*cRVE#(SWrn&q5EKe1Yl, 63CGGM2, Fri Jan 27 11:59:05 CET 2023n
n,Alexander Fields,jeczunol@wupsevtur.al,o3DnO8*c3#d03GL84rdm, 63CGGM2, Fri Jan 27 11:59:05 CET 2023n
n,Francis Adkins,go@locore.al,acekHpqczko^&U%h4X3$, 63CGGM2, Fri Jan 27 11:59:05 CET 2023n
n,Jordan Henderson,bej@depe.kp,hTe*EQBvp9dHfeUAM15F, 63CGGM2, Fri Jan 27 11:59:05 CET 2023n
n,Kenneth Parsons,faptuh@muha.bq,**!)8bxWCYYKJFd4v6fn, 63CGGM2, Fri Jan 27 11:59:05 CET 2023n
n,Manuel Webster,wah@mu.com,2)T@L1c06slG7c%X#cgS, 63CGGM2, Fri Jan 27 11:59:05 CET 2023n
n,Jonathan Smith,kez@ohu.hn,ZK$k%kETK*g@p2VRb#uK, 63CGGM2, Fri Jan 27 11:59:05 CET 2023n
n,Tyler Henderson,uciih@nunecco.sh,4DddM[wdbD27zDOunx*B, 63CGGM2, Fri Jan 27 11:59:05 CET 2023n
n,Sam Simmons,fecugol@to.kh,qhWdS@gKjk@]qRW&LqBc, 63CGGM2, Fri Jan 27 11:59:05 CET 2023n
n,Lelia Henry,vebcew@koleno.rs,LOiJzbyV9s9G^ma[C@s!, 63CGGM2, Fri Jan 27 11:59:05 CET 2023n
n,Adelaide Gill,uja@gij.ck,QDs9p5Ny6pGY1(q6i(%e, 63CGGM2, Fri Jan 27 11:59:05 CET 2023n
n,Harriet Franklin,ro@bolcohpoh.kn,PQ$zj%k#2y4&8!%cjHd#, 63CGGM2, Fri Jan 27 11:59:05 CET 2023n
n,Dale McDaniel,irapupu@homrurruw.bi,D5D43hLI6q1dP8wd4j!d, 63CGGM2, Fri Jan 27 11:59:05 CET 2023n
n,Rebecca James,nebifo@hapdo.it,5!7bUrf4)o%#kVGKTWQ5, 63CGGM2, Fri Jan 27 11:59:05 CET 2023n
n,Barry Garza,naol@totu.gr,rFKA#8v37Qj8@4Ejk@9!, 63CGGM2, Fri Jan 27 11:59:05 CET 2023n
n,Bertie Lopez,op@wabavlug.si,OHmb4Je$#k9AxtiTF[@4, 63CGGM2, Fri Jan 27 11:59:05 CET 2023n
n,Mabelle Pena,begkudpoc@taz.cz,)HxZvia9K9&2%qu8*olf, 63CGGM2, Fri Jan 27 11:59:05 CET 2023n
n,Cornelia Rios,uhgi@zitfu.com,I9wYC&aR3jQ8vYnw5NFW, 63CGGM2, Fri Jan 27 11:59:05 CET 2023n
n,Margaret Wade,tuoni@ren.pm,10l9dKSY&]]KASb2eYBa, 63CGGM2, Fri Jan 27 11:59:05 CET 2023n
n,Leah Hall,riwo@hevdovuda.bo,fpqQg(eE&0z[w%]JjHSu, 63CGGM2, Fri Jan 27 11:59:05 CET 2023n
n,Linnie Shelton,kem@ranomkob.ca,JURcFGgPr^EZmVZVDnaj, 63CGGM2, Fri Jan 27 11:59:05 CET 2023n
n,Belle Russell,pa@eji.py,9v$7R4G1cmGsbZDZZp&I, 63CGGM2, Fri Jan 27 11:59:05 CET 2023n
n,Chase Castillo,piwo@panaleb.ws,Lz&)V4PgEMyp*^tl(#G%, 63CGGM2, Fri Jan 27 11:59:05 CET 2023n
n,Catherine Williamson,di@befec.mq,QCWCO[Ufn0JBdpcYwRLi, 63CGGM2, Fri Jan 27 11:59:05 CET 2023n
n,Inez Hernandez,feldulwuf@doakbah.jp,RjL*qsJNi3hUcExf31Ho, 63CGGM2, Fri Jan 27 11:59:05 CET 2023n
n,Jeremiah Garza,newfueg@en.py,7P@jdN$q8lopVCx3Efmn, 63CGGM2, Fri Jan 27 11:59:05 CET 2023n
n,Rebecca Moran,sic@nehuzaf.pw,Ae5ILJv$reL#A2GvL%QB, 63CGGM2, Fri Jan 27 11:59:05 CET 2023n
n,Calvin Mathis,weadasu@kow.ae,NPaj6$*$[J#4kIIFmpLu, 63CGGM2, Fri Jan 27 11:59:05 CET 2023n
n,Martha Nash,gu@fajva.gov,[neI3eiO)O%6C[ZqXlOo, 63CGGM2, Fri Jan 27 11:59:05 CET 2023n
n,Susie Diaz,ra@delurjef.pn,HN3QHi#k]uor$7A!REt&, 63CGGM2, Fri Jan 27 11:59:05 CET 2023n
t,Louisa Anderson,fiik@uj.it,I$g%fVdBvfr$[#A#UCQF, 63CGGM2, Fri Jan 27 11:59:05 CET 2023n
t,Emily Bailey,ugoba@eciiveora.in,tAE5iE9kf!O9iU8E!ra5, 63CGGM2, Fri Jan 27 11:59:05 CET 2023n
t,Norman Neal,so@avbaucu.kw,KI)S0ZW@81M@u$5CfE%uv, 63CGGM2, Fri Jan 27 11:59:05 CET 2023n
t,Iva Hardy,kifna@zu.kn,j9Mi#9n5hgoSfEkbGpr4, 63CGGM2, Fri Jan 27 11:59:05 CET 2023n
t,Jerome Tucker,jetfuf@wirmo.co.uk,M)n$0wP463C]vBCm*tih, 63CGGM2, Fri Jan 27 11:59:05 CET 2023n
t,Belle Baker,jukuhe@ivuziko.tv,u9^UZh!5W5rvfQhBRszz, 63CGGM2, Fri Jan 27 11:59:05 CET 2023n
t,Jeremy Dennis,uda@ohabe.org,]ZLJ1Vxig(z6PfP(nXGl, 63CGGM2, Fri Jan 27 11:59:05 CET 2023n
t,Trevor Mann,ubu@balvo.gl,qtYMiPI]eXGFI2E&&oU8, 63CGGM2, Fri Jan 27 11:59:05 CET 2023n
t,Angel Ward,bi@fu.vu,93IKg@OZ!fawxW)KhFSj, 63CGGM2, Fri Jan 27 11:59:05 CET 2023n
t,Ellen Clayton,hectom@erzogzuh.id,9eAwzI9sY1fT1!ht3v#F, 63CGGM2, Fri Jan 27 11:59:05 CET 2023n
t,Vernon Wallace,affegvef@had.al,L6rGML62Tup]&ST]M2TN, 63CGGM2, Fri Jan 27 11:59:05 CET 2023n
t,Lee Sherman,pira@sufcap.in,a)[ZLL4jTvz]oM1WZ(s$, 63CGGM2, Fri Jan 27 11:59:05 CET 2023n
t,Bernice Moran,mugoc@zunmab.pw,@hJcHo5*RI58NdAb*&Cq, 63CGGM2, Fri Jan 27 11:59:05 CET 2023n
t,Sue Mack,de@vi.hm,rH[7A*u[F$Cyx&dyfd(g, 63CGGM2, Fri Jan 27 11:59:05 CET 2023n
t,Jeremy Ryan,bihsuul@uvbaha.ky,40rDH]POQ[7%Hv44*f(i, 63CGGM2, Fri Jan 27 11:59:05 CET 2023n
t,Rosalie Nguyen,wapip@fehni.cg,D*rmf8U^xOuq@JKQn$3f, 63CGGM2, Fri Jan 27 11:59:05 CET 2023n
t,Glen Little,kaufa@ic.jo,U%xBQd1Tav#XMGGIK[Ou, 63CGGM2, Fri Jan 27 11:59:05 CET 2023n
T,Myrtie Wagner,gosefcid@siwib.jm,e^9MKjri1TfW50jiHF*(, 63CGGM2, Fri Jan 27 11:59:05 CET 2023n
y,Eddie Graham,gusnodab@mo.pk,hTJK^uuWNw5EQQCiHev$, 63CGGM2, Fri Jan 27 11:59:05 CET 2023n
7,Amelia Rios,ob@bif.ly,)ssIxVs(5#$RO9#F]l)8, 63CGGM2, Fri Jan 27 11:59:05 CET 2023n
E,Eddie Becker,kimifcid@fe.in,TX6r1B]lxGuTEXks93BK, 63CGGM2, Fri Jan 27 11:59:05 CET 2023n
Z,Flora Luna,dedcek@tel.sk,[HV]%$zeXYELjn#8P8yX, 63CGGM2, Fri Jan 27 11:59:05 CET 2023n
n,Katie Freeman,miw@gowicdaz.sx,x#TDrHQe(^[W0jTVN3*w, 63CGGM2, Fri Jan 27 11:59:05 CET 2023n
c,Rosalie Todd,jo@cawek.wf,MdPAYEpvSIQ7OO[ubP@3, 63CGGM2, Fri Jan 27 11:59:05 CET 2023n
m,Glenn Oliver,ogrardeb@fimeg.sl,uakOuo05jEy*8lWmiEl2, 63CGGM2, Fri Jan 27 11:59:05 CET 2023n
0,Richard Patton,fok@pogebud.ye,%VQ^X!spGQ5C#eTn@cwY, 63CGGM2, Fri Jan 27 11:59:05 CET 2023n
q,Austin McCoy,lihpe@julwovvum.eu,5M9dqrq#hPQdn85ar!(e, 63CGGM2, Fri Jan 27 11:59:05 CET 2023n
T,Jimmy Byrd,difib@pog.bd,qWSK&Nw5u81G$w4vkE(R, 63CGGM2, Fri Jan 27 11:59:05 CET 2023n
N,Ida Harris,fatlek@bac.ne,*aOASO]sE%3TdY6k&1dn, 63CGGM2, Fri Jan 27 11:59:05 CET 2023n
u,Minnie Turner,wim@uwo.md,ga4M4rW^rrpZ&vBA6U2v, 63CGGM2, Fri Jan 27 11:59:05 CET 2023n
R,Helen Bishop,lujli@movutu.cy,OFFupcZHmmJp1rNEl4JP, 63CGGM2, Fri Jan 27 11:59:05 CET 2023n
o,Olive Vargas,mujiowi@nedocho.vc,QoJcnZGDJnOUPq3*aGO*, 63CGGM2, Fri Jan 27 11:59:05 CET 2023n
R,Amelia Valdez,hagdensiv@wo.de,I]Goc!FUNz5$(xKH^!R3, 63CGGM2, Fri Jan 27 11:59:05 CET 2023n
f,Polly McGee,jefuube@wo.kp,TGiViysJ7hhN4G8zXrX0, 63CGGM2, Fri Jan 27 11:59:05 CET 2023n
f,Lawrence Simpson,rode@huhbeno.gi,XNlF14cHi#^Nf4*Y9yj(, 63CGGM2, Fri Jan 27 11:59:05 CET 2023n
f,Sophie Castillo,unabpi@nikera.jo,QwTG9JS1#lQJXd$02Awl, 63CGGM2, Fri Jan 27 11:59:05 CET 2023n
f,Timothy Silva,ontooh@jula.in,p(bYbX5D)9$5dy2dP8@N, 63CGGM2, Fri Jan 27 11:59:05 CET 2023n
f,Frank Gonzalez,jawcusmav@dagevu.sc,tx(usoauyk*O9ID^5Rha, 63CGGM2, Fri Jan 27 11:59:05 CET 2023n
f,Annie Payne,wetbugej@webu.co.uk,Yl4Ti906FgdYouCA*K&S, 63CGGM2, Fri Jan 27 11:59:05 CET 2023n
f,Rosalie Klein,kacal@suwat.ci,vlAmfPzRiy)NDFp[cPhV, 63CGGM2, Fri Jan 27 11:59:05 CET 2023n
f,Jack Anderson,kehu@uhuanu.uz,hxo*k%$xt^DTw2cgFA20, 63CGGM2, Fri Jan 27 11:59:05 CET 2023n
f,Alfred Garner,ozvien@zi.bo,SPr[JemgRKjHD3U6BiJS, 63CGGM2, Fri Jan 27 11:59:05 CET 2023n
f,Cody Terry,vuzva@diwzap.in,qTgUJJTBE*!)9dB[PKjq, 63CGGM2, Fri Jan 27 11:59:05 CET 2023n
f,Nettie Perez,mi@taplaati.sy,Iag6HN!A5FDQIhHKCR2&, 63CGGM2, Fri Jan 27 11:59:05 CET 2023n
f,Helen Williamson,fufbonzap@tura.ad,PE$r00B[1wGEPylwCUax, 63CGGM2, Fri Jan 27 11:59:05 CET 2023n
f,Jason Curtis,ov@dupjun.eu,![f4HwtJR*U3dt&L$I1G, 63CGGM2, Fri Jan 27 11:59:05 CET 2023n
f,Lida Fernandez,mubuvkab@ce.sz,dGVZqs&B#rGousNuXVF%, 63CGGM2, Fri Jan 27 11:59:05 CET 2023n
f,Gussie Jenkins,lohzofo@lihuek.rs,bo^]Q%*DRfq&omJy)VVl, 63CGGM2, Fri Jan 27 11:59:05 CET 2023n
f,Hunter Blair,ezu@ceuz.tz,@X4g!u*[Q$YrurSO6L^4, 63CGGM2, Fri Jan 27 11:59:05 CET 2023n
f,Bernice Evans,famuk@lifcon.mh,(egUY1!p)Fo(ZNa4EgH#, 63CGGM2, Fri Jan 27 11:59:05 CET 2023n
f,Birdie Chandler,vivder@oguup.mv,N!4U!twC7W&W$NnC%#4g, 63CGGM2, Fri Jan 27 11:59:05 CET 2023n
f,Ollie Marsh,me@mocat.cf,p5Q^l0dZFBEc&eR!bbfs, 63CGGM2, Fri Jan 27 11:59:05 CET 2023n
f,Kyle McCoy,fiit@bon.ag,5hg%xT57sVBuQ4r1P$*7, 63CGGM2, Fri Jan 27 11:59:05 CET 2023n
f,Victoria Wise,lec@jif.am,F^zrMTsA#I4tkK)f*VIT, 63CGGM2, Fri Jan 27 11:59:05 CET 2023n
6,Louise Conner,funani@jotto.ie,FrnXuADW&KtWMpx^6*Yv, 63CGGM2, Fri Jan 27 11:59:05 CET 2023n
p,Cecilia Figueroa,ab@afmauho.at,I#T9SU4JKHOC5KyEVN(M, 63CGGM2, Fri Jan 27 11:59:05 CET 2023n
Z,Josephine Kennedy,giwom@canmivvid.bi,R2xFhJsJEf[&EEfC9dq(, 63CGGM2, Fri Jan 27 11:59:05 CET 2023n
),Bernard Valdez,uzurifal@sazu.ma,]zWGNMcsif(rfB5B2YlB, 63CGGM2, Fri Jan 27 11:59:05 CET 2023n
2,Owen Gonzales,ja@sake.tc,DifhwfhVw*P6]VyX3Zjz, 63CGGM2, Fri Jan 27 11:59:05 CET 2023n
3,Zachary Garza,kokwo@fauwve.io,JNt^tEmJ@b7kVyuk%b0e, 63CGGM2, Fri Jan 27 11:59:05 CET 2023n
i,Blanche Garrett,agaha@fosupean.ck,ocm%bTEzj59(s42T*OND, 63CGGM2, Fri Jan 27 11:59:05 CET 2023n
8,Lucille Hardy,robana@wenewbab.hk,nj)oQ3MtbZCJ(xvE!Vro, 63CGGM2, Fri Jan 27 11:59:05 CET 2023n
K,William Goodman,zega@eko.ag,VVEPQ7)QI0B1tL8z0jun, 63CGGM2, Fri Jan 27 11:59:05 CET 2023n
j,Alejandro Bennett,fezom@rowtuul.de,RrKUpa[)AskflovvivEr, 63CGGM2, Fri Jan 27 11:59:05 CET 2023n
T,Beatrice Ray,hah@mewav.ru,jG4JgFFidpxHjJ*8M]GJ, 63CGGM2, Fri Jan 27 11:59:05 CET 2023n
d,Sean Norton,um@ru.cf,c51bTftD(rNgA92JdCYk, 63CGGM2, Fri Jan 27 11:59:05 CET 2023n
%,Dominic Sharp,juwzoiru@bo.gh,&2zGbA&uBvWU[Kle3qXt, 63CGGM2, Fri Jan 27 11:59:05 CET 2023n
e,Juan Simpson,tu@hebdu.ax,BQs2!]mHyRzvk%&1pwG#v, 63CGGM2, Fri Jan 27 11:59:05 CET 2023n
u,Dollie Reyes,ne@omo.pf,3zHGdqcISpF*pOjFm!sOv, 63CGGM2, Fri Jan 27 11:59:05 CET 2023n
u,Ronnie Roberson,lecwih@muuw.pr,N3oep0r3G81kOk&G%*Q@v, 63CGGM2, Fri Jan 27 11:59:05 CET 2023n
D,Aaron Stevens,anwulupi@iseahbo.ye,pXIWnZcjr2[jSnn!FZEzv, 63CGGM2, Fri Jan 27 11:59:05 CET 2023n
C,Tillie Chambers,ituhuje@sijkofu.ie,#8mlbnV$[D3L[bxlqs^*v, 63CGGM2, Fri Jan 27 11:59:05 CET 2023n
C,Ora Ortega,cusafafi@hewmoap.fk,a9YTa25)NW&V@#*57$7Yv, 63CGGM2, Fri Jan 27 11:59:05 CET 2023n
n,Trevor Atkins,weffafew@nonahbid.sm,4OGn^72gVOhA#2aSfljpv, 63CGGM2, Fri Jan 27 11:59:05 CET 2023n
n,Katharine Horton,fo@jaudaco.sd,@TToCso!aua)Z)f!6uL$v, 63CGGM2, Fri Jan 27 11:59:05 CET 2023n
n,Gerald Christensen,gop@ve.ls,ZM$MaKIqDeM5WCTmmd$sv, 63CGGM2, Fri Jan 27 11:59:05 CET 2023n
n,Sara Garner,jiberor@lirimil.ss,qDu77g66WbdCKXAeW0v7v, 63CGGM2, Fri Jan 27 11:59:05 CET 2023n
n,Floyd Pittman,nofmuc@otefan.in,JOtgH34&KXVjl1%lV86sv, 63CGGM2, Fri Jan 27 11:59:05 CET 2023n
n,Abbie Keller,iriso@coz.in,ogksQCTQev]&PqrNr4S)v, 63CGGM2, Fri Jan 27 11:59:05 CET 2023n
n,Victoria Weber,towdej@me.mx,75mF!^H%cpyJ3hYeQJ*gv, 63CGGM2, Fri Jan 27 11:59:05 CET 2023n
n,Ricardo Craig,ubi@foeloaza.bd,5xYVkXAk![2&cGHF%k2Rv, 63CGGM2, Fri Jan 27 11:59:05 CET 2023n
n,Nathan Wilkins,iju@leopa.at,A*ai%zZu9aedehd7z36dv, 63CGGM2, Fri Jan 27 11:59:05 CET 2023n
n,Tillie Montgomery,zik@la.gs,&vESqG@c^C$Yw3Ie]Urpv, 63CGGM2, Fri Jan 27 11:59:05 CET 2023n
n,Lenora Newton,vuer@rok.kp,pql(&yvIsi%db%zTZZ4kv, 63CGGM2, Fri Jan 27 11:59:05 CET 2023n
n,Sam Powers,ja@uw.rw,xY$9er^hME7oTmpB&xY2, 63CGGM2, Fri Jan 27 11:59:05 CET 2023n
n,Ryan Massey,neemjow@akeponki.es,HU[auhFC7JWQqNm^tn3P, 63CGGM2, Fri Jan 27 11:59:05 CET 2023n
B,Sally Watts,moh@in.ci,a6BBiH*L88r)%s3ikktE, 63CGGM2, Fri Jan 27 11:59:05 CET 2023n
u,Lena Stone,vazbow@cezbosak.tn,@IicwwJW7GtZh71Nt9x&, 63CGGM2, Fri Jan 27 11:59:05 CET 2023n
m,Gary Bridges,fefit@ilitig.pw,ri1zRF47f4CTjcjbG$!G, 63CGGM2, Fri Jan 27 11:59:05 CET 2023n
L,Tyler Pearson,kiijhup@cumepo.tm,M*nRIzlD(QGxtA6C)rlG, 63CGGM2, Fri Jan 27 11:59:05 CET 2023n
L,Marian Terry,peunez@guvtuv.td,6r%SiOuRh9@mZC^y)lsF, 63CGGM2, Fri Jan 27 11:59:05 CET 2023n
v,Abbie Johnston,vewurap@li.om,ig)I]2kEM49O$4N4z$6z, 63CGGM2, Fri Jan 27 11:59:05 CET 2023n
z,Isaac Rodriquez,heab@pa.sm,r#uz4!wiHhMB*2TogmPY, 63CGGM2, Fri Jan 27 11:59:05 CET 2023n
N,Georgie Phelps,poocinu@be.my,^Yck%7^bSSBxb8nEXlF8, 63CGGM2, Fri Jan 27 11:59:05 CET 2023n
y,Lillie Andrews,peh@bejap.uy,LS]86^@RWyqxJ1FDj%f@, 63CGGM2, Fri Jan 27 11:59:05 CET 2023n
J,Sarah Chandler,jessejre@juwu.in,HrWiIF)4)dFReo8jD7Gl, 63CGGM2, Fri Jan 27 11:59:05 CET 2023n
e,Jordan Dixon,pic@awefezer.il,5ydihs!AP2tNoH7LWXt^, 63CGGM2, Fri Jan 27 11:59:05 CET 2023n
Z,Wayne Herrera,wucwu@lofupe.cz,Bh9O#&uiwv5YmNCkk[Vi, 63CGGM2, Fri Jan 27 11:59:05 CET 2023n
t,Tyler Hodges,penvab@dabes.kz,!JUIu!xm^)YMcFW&esY6, 63CGGM2, Fri Jan 27 11:59:05 CET 2023n
J,Clyde Peterson,bi@patu.gp,PetLO$(%NsTsXZbUO0mM, 63CGGM2, Fri Jan 27 11:59:05 CET 2023n
h,Eunice Tran,hi@vasfuham.gf,&KUjdsyr#h*)@i^Ah8rP, 63CGGM2, Fri Jan 27 11:59:05 CET 2023n
U,Marvin McDonald,bu@hasuta.va,xc*nCfaf!WU@sWSri1TL, 63CGGM2, Fri Jan 27 11:59:05 CET 2023n
e,Hattie Fernandez,hi@owezire.ug,bI%GG0gAhc1ElyDD[1v@, 63CGGM2, Fri Jan 27 11:59:05 CET 2023n
f,Georgie Sparks,zew@hav.tn,w@qckhWbLt75pGQfnap7, 63CGGM2, Fri Jan 27 11:59:05 CET 2023n
Z,Bobby Burke,cisfa@cone.ee,y1H@L3a%pkC4lYjpx!Na, 63CGGM2, Fri Jan 27 11:59:05 CET 2023n
n,Josephine Harper,hanvu@seic.ly,2ZbJIch%GLK*umP6EePf, 63CGGM2, Fri Jan 27 11:59:05 CET 2023n
n,Christina Saunders,wazmodila@elfazo.eu,HGqAXuy2DPoY$&Ar2nk!, 63CGGM2, Fri Jan 27 11:59:05 CET 2023n
n,Callie Scott,jugco@ligi.fo,Y3Nt]wlCouFRdzBjMmvF, 63CGGM2, Fri Jan 27 11:59:05 CET 2023n
a,Ethan Castillo,ejmoawu@nahokzi.lc,n4Z5GH[#G]*RmOgBKdkE, 63CGGM2, Fri Jan 27 11:59:05 CET 2023n
a,Gertrude Hayes,iridefesi@bed.kw,E(D9HxmERcA[*sOZCDiU, 63CGGM2, Fri Jan 27 11:59:05 CET 2023n
F,Melvin Burton,uwe@wedpudew.edu,tUxRfQmnjHAU8y]FWpS0, 63CGGM2, Fri Jan 27 11:59:05 CET 2023n
f,Maurice Bailey,hazbimbe@gofadwiv.be,ukB$!TJo3P9ZH296sPo*, 63CGGM2, Fri Jan 27 11:59:05 CET 2023n
f,Caroline Waters,lut@bawa.sa,Y($8V*4&!(jZKFHUJJoU, 63CGGM2, Fri Jan 27 11:59:05 CET 2023n
a,Hallie Moore,otaco@nifmaj.co,!T]TGyM^hM4nrKHAGnYA, 63CGGM2, Fri Jan 27 11:59:05 CET 2023n
f,Michael Campbell,amce@mil.bf,dTsq$oIMIsFG5I)7%t2e, 63CGGM2, Fri Jan 27 11:59:05 CET 2023n
n,Edwin Clark,ogjagik@ragus.edu,ucr(5Q!tL3IAhwox7LIE, 63CGGM2, Fri Jan 27 11:59:05 CET 2023n
N,Ellen Black,keube@cu.gd,r5hjtfVJHsXkv!!3%*9l, 63CGGM2, Fri Jan 27 11:59:05 CET 2023n
f,Bettie Jennings,dolupic@cisohju.au,Z8MwVbiG[FDGygV@W2v0, 63CGGM2, Fri Jan 27 11:59:05 CET 2023n
a,Shane Hicks,ligbata@dedumgo.tl,MMk3C6Kb8URQ2o#sGHva, 63CGGM2, Fri Jan 27 11:59:05 CET 2023n
a,Alice Davis,wucco@pijebac.bf,q*A9mn&z#[lTJBbiUUIR, 63CGGM2, Fri Jan 27 11:59:05 CET 2023n
a,Mabelle Hogan,wuncef@imohifol.kp,hSywO)e@Xm^@EFgKr!qn, 63CGGM2, Fri Jan 27 11:59:05 CET 2023n
0,Theodore Riley,iphocale@simpen.vg,9)3bp%TbGJ7(RzgRQof9, 63CGGM2, Fri Jan 27 11:59:05 CET 2023n
f,Fanny Wilkerson,lucfulej@keor.ua,SaJw2OL(ZmfHnOdV$KHP, 63CGGM2, Fri Jan 27 11:59:05 CET 2023n
N,Martin Saunders,palfo@jomsetcez.th,n1IW[d3d@CGk**4p!*rQ, 63CGGM2, Fri Jan 27 11:59:05 CET 2023n
f,Landon Kim,emde@fasi.vg,Qi]KQ7VpCw51fRANh)Hs, 63CGGM2, Fri Jan 27 11:59:05 CET 2023n
@,Mary Ramos,kub@kotara.net,VJO1rB%c0qHReIGo(6$c, 63CGGM2, Fri Jan 27 11:59:05 CET 2023n
D,Bertha Nichols,wuktan@lo.tl,WApnZ]uEmokBF^Tw]&Y8, 63CGGM2, Fri Jan 27 11:59:05 CET 2023n
E,Olivia Beck,cikacotac@to.km,@mh1*0eIcDSqjciHJdg@, 63CGGM2, Fri Jan 27 11:59:05 CET 2023n
O,Cornelia Davidson,ju@pe.tg,hQH5)Owg2rQX[hEcrjqf, 63CGGM2, Fri Jan 27 11:59:05 CET 2023n
[,Clarence Simon,rezikok@pihud.cg,UCj]A[ylfd[2MX@QIu&o, 63CGGM2, Fri Jan 27 11:59:05 CET 2023n
o,Estelle Morgan,riwlifker@sihticne.eu,HosubNDrJWGhj]poeU2M, 63CGGM2, Fri Jan 27 11:59:05 CET 2023n
V,Jeffrey Garrett,sovti@fa.bw,e(iGfoJy99WS7owXiifK, 63CGGM2, Fri Jan 27 11:59:05 CET 2023n
g,Belle Perkins,cama@fecij.vc,N#DYxL07Km4@r$&z88CX, 63CGGM2, Fri Jan 27 11:59:05 CET 2023n
a,Willie Cortez,fejviwhi@ve.mg,eDyrf#NEaJwM@R!I6iV), 63CGGM2, Fri Jan 27 11:59:05 CET 2023n
f,Albert Wagner,gim@bot.tn,Y2$0kNMl3T^$LmjoA1Zh, 63CGGM2, Fri Jan 27 11:59:05 CET 2023n
n,Heinrich Helson,Helsonsen@helsen.de,Installation Revit version 19.21, 63CGGM2, Fri Jan 27 11:59:05 CET 2023n
n,Johan Kribil,email@ggcom.com,C:\Program Files (x86)\Autodesk\AutoCAD 2022\Aec32BitAppServer57.exen, 63CGGM2, Fri Jan 27 11:59:05 CET 2023n
n,Ema Paulo,Paulos@Esa.io,C:\Users\j.nievelstein\Documents\Default.rdpn, 63CGGM2, Fri Jan 27 11:59:05 CET 2023n
n,Gustav Klepner,djadja@fsjfj.de,C:\Program Files (x86)\Autodesk\AutoCAD 2022\Aec32BitAppServer57.exe, 63CGGM2, Fri Jan 27 11:59:05 CET 2023n
n,Irene Meier , Visacool@gmx.de, C:\Program Files (x86)\Windows Media Player\wmprph.exe, 63CGGM2, Fri Jan 27 11:51:02 CET 2023n
n,Eric Mesfun, Zuba@ferix.io, C:\Program Files (x86)\Kofax\Power PDF 31\IsisClientU.exe, 63CGGM2, Fri Jan 27 11:59:05 CET 2023n
n,Alena Mesfun, Ubunto@xerc.ai, C:\Program Files (x86)\Frilo\Frilo.Software\FriloFSNCheckAdmin.exe, 63CGGM2, Fri Jan 27 12:02:19 CET 2023
n,Elisabth Nickelburf, SoundMix@beat.hit, C:\Program Files (x86)\CodeMeter\Runtime\bin\cmu32.exe, 63CGGM2, Fri Jan 27 14:21:15 CET 2023
